<metadata xml:lang="en"><Esri><CreaDate>20170510</CreaDate><CreaTime>14385300</CreaTime><ArcGISFormat>1.0</ArcGISFormat><SyncOnce>FALSE</SyncOnce><DataProperties><lineage><Process ToolSource="c:\program files (x86)\arcgis\desktop10.2\ArcToolbox\Toolboxes\Data Management Tools.tbx\CalculateField" Date="20170510" Time="143853">CalculateField "Traffic Signals" AGREEMENT_NUM "31288" VB #</Process><Process ToolSource="c:\program files (x86)\arcgis\desktop10.2\ArcToolbox\Toolboxes\Data Management Tools.tbx\CalculateField" Date="20170510" Time="143912">CalculateField "Traffic Signals" UNIT_NUM "1" VB #</Process><Process ToolSource="c:\program files (x86)\arcgis\desktop10.2\ArcToolbox\Toolboxes\Data Management Tools.tbx\CalculateField" Date="20170510" Time="144110">CalculateField "Traffic Signals" UNIT_TYPE "Traffic Signal and Signal Illumination" VB #</Process><Process ToolSource="c:\program files (x86)\arcgis\desktop10.2\ArcToolbox\Toolboxes\Data Management Tools.tbx\CalculateField" Date="20170510" Time="164233">CalculateField "Traffic Signals" FBHyperlink1 "W:\GIS\PDFs\Agreement\31288_2017_TrafficSignalMaintenance.pdf" VB #</Process><Process ToolSource="c:\program files (x86)\arcgis\desktop10.2\ArcToolbox\Toolboxes\Data Management Tools.tbx\CalculateField" Date="20170510" Time="164948">CalculateField "Traffic Signals" FBHyperlink1 "W:\GIS\PDFs\Afreement\31288.pdf" VB #</Process><Process ToolSource="c:\program files (x86)\arcgis\desktop10.2\ArcToolbox\Toolboxes\Data Management Tools.tbx\CalculateField" Date="20170510" Time="165036">CalculateField "Traffic Signals" FBHyperlink1 "W:\GIS\PDFs\Agreement\31288.pdf" VB #</Process><Process ToolSource="c:\program files (x86)\arcgis\desktop10.2\ArcToolbox\Toolboxes\Data Management Tools.tbx\CalculateField" Date="20171117" Time="135048">CalculateField "Traffic Signals" FBHyperlinkX1 ""X:" &amp; Right( [FBHyperlink1],Len( [FBHyperlink1] )-6 )" VB #</Process><Process ToolSource="c:\program files (x86)\arcgis\desktop10.2\ArcToolbox\Toolboxes\Data Management Tools.tbx\CalculateField" Date="20171117" Time="135254">CalculateField "Traffic Signals" FBHyperlinkX2 ""X:" &amp; Right( [FBHyperlink2],Len( [FBHyperlink2] )-6 )" VB #</Process><Process ToolSource="c:\program files (x86)\arcgis\desktop10.6\ArcToolbox\Toolboxes\Conversion Tools.tbx\FeatureClassToFeatureClass" Date="20201015" Time="085645">FeatureClassToFeatureClass X:\TrafficSignal\TrafficSignal.gdb\TrafficSignals X:\Misc_Work_File\1-Data_Deliverly\RichardSheperd_201015 TrafficSignals.shp # "AGREEMENT_ "Agreement #" true true false 2 Short 0 0 ,First,#,X:\TrafficSignal\TrafficSignal.gdb\TrafficSignals,AGREEMENT_NUM,-1,-1;UNIT_NUM "Unit #" true true false 3 Text 0 0 ,First,#,X:\TrafficSignal\TrafficSignal.gdb\TrafficSignals,UNIT_NUM,-1,-1;LOCATION_N "#" true true false 2 Short 0 0 ,First,#,X:\TrafficSignal\TrafficSignal.gdb\TrafficSignals,LOCATION_NUM,-1,-1;LOCATION "Location" true true false 60 Text 0 0 ,First,#,X:\TrafficSignal\TrafficSignal.gdb\TrafficSignals,LOCATION,-1,-1;TSSU_CODE "TSSU Code" true true false 6 Text 0 0 ,First,#,X:\TrafficSignal\TrafficSignal.gdb\TrafficSignals,TSSU_CODE,-1,-1;UNIT_TYPE "Type" true true false 50 Text 0 0 ,First,#,X:\TrafficSignal\TrafficSignal.gdb\TrafficSignals,UNIT_TYPE,-1,-1;FBHyperlin "FBHyperlink 1" true true false 60 Text 0 0 ,First,#,X:\TrafficSignal\TrafficSignal.gdb\TrafficSignals,FBHyperlink1,-1,-1;FBHyperl_1 "FBHyperlink 2" true true false 60 Text 0 0 ,First,#,X:\TrafficSignal\TrafficSignal.gdb\TrafficSignals,FBHyperlink2,-1,-1;FBHyperl_2 "FBHyperlinkX1" true true false 60 Text 0 0 ,First,#,X:\TrafficSignal\TrafficSignal.gdb\TrafficSignals,FBHyperlinkX1,-1,-1;FBHyperl_3 "FBHyperlinkX2" true true false 60 Text 0 0 ,First,#,X:\TrafficSignal\TrafficSignal.gdb\TrafficSignals,FBHyperlinkX2,-1,-1" #</Process></lineage><itemProps><itemName Sync="TRUE">TrafficSignals</itemName><imsContentType Sync="TRUE">002</imsContentType><nativeExtBox><westBL Sync="TRUE">4152614.350066</westBL><eastBL Sync="TRUE">4169183.796916</eastBL><southBL Sync="TRUE">572537.310039</southBL><northBL Sync="TRUE">594133.436024</northBL><exTypeCode Sync="TRUE">1</exTypeCode></nativeExtBox><itemLocation><linkage Sync="TRUE">file://\\Publicworks\GIS\Misc_Work_File\1-Data_Deliverly\RichardSheperd_201015\TrafficSignals.shp</linkage><protocol Sync="TRUE">Local Area Network</protocol></itemLocation><itemSize Sync="TRUE">0.000</itemSize></itemProps><coordRef><type Sync="TRUE">Projected</type><geogcsn Sync="TRUE">GCS_North_American_1983_HARN</geogcsn><csUnits Sync="TRUE">Linear Unit: Foot (0.304800)</csUnits><projcsn Sync="TRUE">NAD_1983_HARN_StatePlane_Oregon_South_FIPS_3602_Feet_Intl</projcsn><peXml Sync="TRUE">&lt;ProjectedCoordinateSystem xsi:type='typens:ProjectedCoordinateSystem' xmlns:xsi='http://www.w3.org/2001/XMLSchema-instance' xmlns:xs='http://www.w3.org/2001/XMLSchema' xmlns:typens='http://www.esri.com/schemas/ArcGIS/10.6'&gt;&lt;WKT&gt;PROJCS[&amp;quot;NAD_1983_HARN_StatePlane_Oregon_South_FIPS_3602_Feet_Intl&amp;quot;,GEOGCS[&amp;quot;GCS_North_American_1983_HARN&amp;quot;,DATUM[&amp;quot;D_North_American_1983_HARN&amp;quot;,SPHEROID[&amp;quot;GRS_1980&amp;quot;,6378137.0,298.257222101]],PRIMEM[&amp;quot;Greenwich&amp;quot;,0.0],UNIT[&amp;quot;Degree&amp;quot;,0.0174532925199433]],PROJECTION[&amp;quot;Lambert_Conformal_Conic&amp;quot;],PARAMETER[&amp;quot;False_Easting&amp;quot;,4921259.842519685],PARAMETER[&amp;quot;False_Northing&amp;quot;,0.0],PARAMETER[&amp;quot;Central_Meridian&amp;quot;,-120.5],PARAMETER[&amp;quot;Standard_Parallel_1&amp;quot;,42.33333333333334],PARAMETER[&amp;quot;Standard_Parallel_2&amp;quot;,44.0],PARAMETER[&amp;quot;Latitude_Of_Origin&amp;quot;,41.66666666666666],UNIT[&amp;quot;Foot&amp;quot;,0.3048],AUTHORITY[&amp;quot;EPSG&amp;quot;,2914]]&lt;/WKT&gt;&lt;XOrigin&gt;-115243200&lt;/XOrigin&gt;&lt;YOrigin&gt;-97276400&lt;/YOrigin&gt;&lt;XYScale&gt;37478635.547955282&lt;/XYScale&gt;&lt;ZOrigin&gt;-100000&lt;/ZOrigin&gt;&lt;ZScale&gt;10000&lt;/ZScale&gt;&lt;MOrigin&gt;-100000&lt;/MOrigin&gt;&lt;MScale&gt;10000&lt;/MScale&gt;&lt;XYTolerance&gt;0.0032808398950131233&lt;/XYTolerance&gt;&lt;ZTolerance&gt;0.001&lt;/ZTolerance&gt;&lt;MTolerance&gt;0.001&lt;/MTolerance&gt;&lt;HighPrecision&gt;true&lt;/HighPrecision&gt;&lt;WKID&gt;2914&lt;/WKID&gt;&lt;LatestWKID&gt;2914&lt;/LatestWKID&gt;&lt;/ProjectedCoordinateSystem&gt;</peXml></coordRef></DataProperties><SyncDate>20201015</SyncDate><SyncTime>08564200</SyncTime><ModDate>20201015</ModDate><ModTime>08564200</ModTime></Esri><dataIdInfo><envirDesc Sync="TRUE"> Version 6.2 (Build 9200) ; Esri ArcGIS 10.6.1.9270</envirDesc><dataLang><languageCode value="eng" Sync="TRUE"></languageCode><countryCode value="USA" Sync="TRUE"></countryCode></dataLang><idCitation><resTitle Sync="TRUE">TrafficSignals</resTitle><presForm><PresFormCd value="005" Sync="TRUE"></PresFormCd></presForm></idCitation><spatRpType><SpatRepTypCd value="001" Sync="TRUE"></SpatRepTypCd></spatRpType><dataExt><geoEle><GeoBndBox esriExtentType="search"><exTypeCode Sync="TRUE">1</exTypeCode><westBL Sync="TRUE">-123.386290</westBL><eastBL Sync="TRUE">-123.321388</eastBL><northBL Sync="TRUE">43.262116</northBL><southBL Sync="TRUE">43.201345</southBL></GeoBndBox></geoEle></dataExt></dataIdInfo><mdLang><languageCode value="eng" Sync="TRUE"></languageCode><countryCode value="USA" Sync="TRUE"></countryCode></mdLang><distInfo><distFormat><formatName Sync="TRUE">Shapefile</formatName></distFormat><distTranOps><transSize Sync="TRUE">0.000</transSize></distTranOps></distInfo><mdHrLv><ScopeCd value="005" Sync="TRUE"></ScopeCd></mdHrLv><mdHrLvName Sync="TRUE">dataset</mdHrLvName><refSysInfo><RefSystem><refSysID><identCode code="2914" Sync="TRUE"></identCode><idCodeSpace Sync="TRUE">EPSG</idCodeSpace><idVersion Sync="TRUE">6.13(9.0.0)</idVersion></refSysID></RefSystem></refSysInfo><spatRepInfo><VectSpatRep><geometObjs Name="TrafficSignals"><geoObjTyp><GeoObjTypCd value="004" Sync="TRUE"></GeoObjTypCd></geoObjTyp><geoObjCnt Sync="TRUE">0</geoObjCnt></geometObjs><topLvl><TopoLevCd value="001" Sync="TRUE"></TopoLevCd></topLvl></VectSpatRep></spatRepInfo><spdoinfo><ptvctinf><esriterm Name="TrafficSignals"><efeatyp Sync="TRUE">Simple</efeatyp><efeageom code="1" Sync="TRUE"></efeageom><esritopo Sync="TRUE">FALSE</esritopo><efeacnt Sync="TRUE">0</efeacnt><spindex Sync="TRUE">FALSE</spindex><linrefer Sync="TRUE">FALSE</linrefer></esriterm></ptvctinf></spdoinfo><eainfo><detailed Name="TrafficSignals"><enttyp><enttypl Sync="TRUE">TrafficSignals</enttypl><enttypt Sync="TRUE">Feature Class</enttypt><enttypc Sync="TRUE">0</enttypc></enttyp><attr><attrlabl Sync="TRUE">FID</attrlabl><attalias Sync="TRUE">FID</attalias><attrtype Sync="TRUE">OID</attrtype><attwidth Sync="TRUE">4</attwidth><atprecis Sync="TRUE">0</atprecis><attscale Sync="TRUE">0</attscale><attrdef Sync="TRUE">Internal feature number.</attrdef><attrdefs Sync="TRUE">Esri</attrdefs><attrdomv><udom Sync="TRUE">Sequential unique whole numbers that are automatically generated.</udom></attrdomv></attr><attr><attrlabl Sync="TRUE">SHAPE</attrlabl><attalias Sync="TRUE">Shape</attalias><attrtype Sync="TRUE">Geometry</attrtype><attwidth Sync="TRUE">0</attwidth><atprecis Sync="TRUE">0</atprecis><attscale Sync="TRUE">0</attscale><attrdef Sync="TRUE">Feature geometry.</attrdef><attrdefs Sync="TRUE">Esri</attrdefs><attrdomv><udom Sync="TRUE">Coordinates defining the features.</udom></attrdomv></attr><attr><attrlabl Sync="TRUE">AGREEMENT_</attrlabl><attalias Sync="TRUE">AGREEMENT_</attalias><attrtype Sync="TRUE">Integer</attrtype><attwidth Sync="TRUE">5</attwidth><atprecis Sync="TRUE">5</atprecis><attscale Sync="TRUE">0</attscale></attr><attr><attrlabl Sync="TRUE">UNIT_NUM</attrlabl><attalias Sync="TRUE">UNIT_NUM</attalias><attrtype Sync="TRUE">String</attrtype><attwidth Sync="TRUE">3</attwidth><atprecis Sync="TRUE">0</atprecis><attscale Sync="TRUE">0</attscale></attr><attr><attrlabl Sync="TRUE">LOCATION_N</attrlabl><attalias Sync="TRUE">LOCATION_N</attalias><attrtype Sync="TRUE">Integer</attrtype><attwidth Sync="TRUE">5</attwidth><atprecis Sync="TRUE">5</atprecis><attscale Sync="TRUE">0</attscale></attr><attr><attrlabl Sync="TRUE">LOCATION</attrlabl><attalias Sync="TRUE">LOCATION</attalias><attrtype Sync="TRUE">String</attrtype><attwidth Sync="TRUE">60</attwidth><atprecis Sync="TRUE">0</atprecis><attscale Sync="TRUE">0</attscale></attr><attr><attrlabl Sync="TRUE">TSSU_CODE</attrlabl><attalias Sync="TRUE">TSSU_CODE</attalias><attrtype Sync="TRUE">String</attrtype><attwidth Sync="TRUE">6</attwidth><atprecis Sync="TRUE">0</atprecis><attscale Sync="TRUE">0</attscale></attr><attr><attrlabl Sync="TRUE">UNIT_TYPE</attrlabl><attalias Sync="TRUE">UNIT_TYPE</attalias><attrtype Sync="TRUE">String</attrtype><attwidth Sync="TRUE">50</attwidth><atprecis Sync="TRUE">0</atprecis><attscale Sync="TRUE">0</attscale></attr><attr><attrlabl Sync="TRUE">FBHyperlin</attrlabl><attalias Sync="TRUE">FBHyperlin</attalias><attrtype Sync="TRUE">String</attrtype><attwidth Sync="TRUE">60</attwidth><atprecis Sync="TRUE">0</atprecis><attscale Sync="TRUE">0</attscale></attr><attr><attrlabl Sync="TRUE">FBHyperl_1</attrlabl><attalias Sync="TRUE">FBHyperl_1</attalias><attrtype Sync="TRUE">String</attrtype><attwidth Sync="TRUE">60</attwidth><atprecis Sync="TRUE">0</atprecis><attscale Sync="TRUE">0</attscale></attr><attr><attrlabl Sync="TRUE">FBHyperl_2</attrlabl><attalias Sync="TRUE">FBHyperl_2</attalias><attrtype Sync="TRUE">String</attrtype><attwidth Sync="TRUE">60</attwidth><atprecis Sync="TRUE">0</atprecis><attscale Sync="TRUE">0</attscale></attr><attr><attrlabl Sync="TRUE">FBHyperl_3</attrlabl><attalias Sync="TRUE">FBHyperl_3</attalias><attrtype Sync="TRUE">String</attrtype><attwidth Sync="TRUE">60</attwidth><atprecis Sync="TRUE">0</atprecis><attscale Sync="TRUE">0</attscale></attr></detailed></eainfo><mdDateSt Sync="TRUE">20201015</mdDateSt></metadata>
