<metadata xml:lang="en"><Esri><CreaDate>20140708</CreaDate><CreaTime>09020800</CreaTime><SyncOnce>FALSE</SyncOnce><DataProperties><lineage><Process ToolSource="C:\Program Files\ArcGIS\ArcToolbox\Toolboxes\Data Management Tools.tbx\Project" Date="20140708" Time="083648">Project "Y:\Production\Tmc_Data\Bozeman, MT\Points\QC\Signs_ADAs.mdb\ADA_QC" "Y:\Production\Tmc_Data\Bozeman, MT\Points\QC\Delivery.mdb\ADAs" PROJCS['NAD_1983_UTM_Zone_12N',GEOGCS['GCS_North_American_1983',DATUM['D_North_American_1983',SPHEROID['GRS_1980',6378137.0,298.257222101]],PRIMEM['Greenwich',0.0],UNIT['Degree',0.0174532925199433]],PROJECTION['Transverse_Mercator'],PARAMETER['False_Easting',500000.0],PARAMETER['False_Northing',0.0],PARAMETER['Central_Meridian',-111.0],PARAMETER['Scale_Factor',0.9996],PARAMETER['Latitude_Of_Origin',0.0],UNIT['Meter',1.0]] NAD_1983_To_WGS_1984_1 GEOGCS['GCS_WGS_1984',DATUM['D_WGS_1984',SPHEROID['WGS_1984',6378137.0,298.257223563]],PRIMEM['Greenwich',0.0],UNIT['Degree',0.0174532925199433]]</Process><Process ToolSource="c:\program files (x86)\arcgis\desktop10.5\ArcToolbox\Toolboxes\Data Management Tools.tbx\AddField" Date="20180119" Time="115015">AddField "Database Connections\Bozeman - Engineering.sde\Bozeman.ENGINEERING.pedestrian_ramps" INSTALL TEXT # # 4 # NULLABLE NON_REQUIRED #</Process><Process ToolSource="c:\program files\arcgis\pro\Resources\ArcToolbox\toolboxes\Data Management Tools.tbx\CalculateField" Date="20200504" Time="104746">CalculateField "Transportation\Pedestrian Ramps" Roadname 'S 31ST AVE' Arcade # Text</Process><Process ToolSource="c:\program files\arcgis\pro\Resources\ArcToolbox\toolboxes\Data Management Tools.tbx\CalculateField" Date="20200504" Time="105743">CalculateField "Transportation\Pedestrian Ramps" Roadname 'CIELO WAY' Arcade # Text</Process><Process ToolSource="c:\program files\arcgis\pro\Resources\ArcToolbox\toolboxes\Data Management Tools.tbx\CalculateField" Date="20200504" Time="105933">CalculateField "Transportation\Pedestrian Ramps" Roadname 'S 30TH AVE' Arcade # Text</Process><Process ToolSource="c:\program files\arcgis\pro\Resources\ArcToolbox\toolboxes\Data Management Tools.tbx\CalculateField" Date="20200504" Time="110038">CalculateField "Transportation\Pedestrian Ramps" Roadname 'CIELO WAY' Arcade # Text</Process><Process ToolSource="c:\program files\arcgis\pro\Resources\ArcToolbox\toolboxes\Data Management Tools.tbx\CalculateField" Date="20200504" Time="110127">CalculateField "Transportation\Pedestrian Ramps" Roadname 'S 29TH AVE' Arcade # Text</Process><Process ToolSource="c:\program files\arcgis\pro\Resources\ArcToolbox\toolboxes\Data Management Tools.tbx\CalculateField" Date="20200504" Time="110242">CalculateField "Transportation\Pedestrian Ramps" Roadname 'S 28TH AVE' Arcade # Text</Process><Process ToolSource="c:\program files\arcgis\pro\Resources\ArcToolbox\toolboxes\Data Management Tools.tbx\CalculateField" Date="20200504" Time="110353">CalculateField "Transportation\Pedestrian Ramps" Roadname 'S 27TH AVE' Arcade # Text</Process><Process ToolSource="c:\program files\arcgis\pro\Resources\ArcToolbox\toolboxes\Data Management Tools.tbx\CalculateField" Date="20200504" Time="110506">CalculateField "Transportation\Pedestrian Ramps" Roadname 'TERRA LANE' Arcade # Text</Process><Process ToolSource="c:\program files\arcgis\pro\Resources\ArcToolbox\toolboxes\Data Management Tools.tbx\CalculateField" Date="20200504" Time="110649">CalculateField "Transportation\Pedestrian Ramps" Roadname 'CIELO WAY' Arcade # Text</Process><Process ToolSource="c:\program files (x86)\arcgis\desktop10.6\ArcToolbox\Toolboxes\Data Management Tools.tbx\CalculateField" Date="20200602" Time="142350">CalculateField Street\Bozeman.ENGINEERING.pedestrian_ramps TRUNCATED "Yes" VB #</Process><Process ToolSource="c:\program files (x86)\arcgis\desktop10.6\ArcToolbox\Toolboxes\Data Management Tools.tbx\CalculateField" Date="20200602" Time="142419">CalculateField Street\Bozeman.ENGINEERING.pedestrian_ramps COLOR "RED" VB #</Process><Process ToolSource="c:\program files (x86)\arcgis\desktop10.6\ArcToolbox\Toolboxes\Data Management Tools.tbx\CalculateField" Date="20200602" Time="142538">CalculateField Street\Bozeman.ENGINEERING.pedestrian_ramps Roadname "NELSON RD" VB #</Process><Process ToolSource="c:\program files (x86)\arcgis\desktop10.6\ArcToolbox\Toolboxes\Data Management Tools.tbx\CalculateField" Date="20200602" Time="142654">CalculateField Street\Bozeman.ENGINEERING.pedestrian_ramps Roadname "ROYAL WOLF WAY" VB #</Process><Process ToolSource="c:\program files (x86)\arcgis\desktop10.6\ArcToolbox\Toolboxes\Data Management Tools.tbx\CalculateField" Date="20200602" Time="142815">CalculateField Street\Bozeman.ENGINEERING.pedestrian_ramps Roadname "ROYAL WOLF WAY" VB #</Process><Process ToolSource="c:\program files (x86)\arcgis\desktop10.6\ArcToolbox\Toolboxes\Data Management Tools.tbx\CalculateField" Date="20200602" Time="142906">CalculateField Street\Bozeman.ENGINEERING.pedestrian_ramps Roadname "PRINCE LN" VB #</Process><Process ToolSource="c:\program files (x86)\arcgis\desktop10.6\ArcToolbox\Toolboxes\Conversion Tools.tbx\FeatureClassToFeatureClass" Date="20201006" Time="152739">FeatureClassToFeatureClass "Database Connections\Bozeman - bozeman.sde\Bozeman.ENGINEERING.pedestrian_ramps" \\gis-srv\data\Temp\Kesslie_Trash Bozeman_Pedestrian_Ramps.shp # "TRUNCATED "TRUNCATED" true true false 10 Text 0 0 ,First,#,Database Connections\Bozeman - bozeman.sde\Bozeman.ENGINEERING.pedestrian_ramps,TRUNCATED,-1,-1;COLOR "COLOR" true true false 10 Text 0 0 ,First,#,Database Connections\Bozeman - bozeman.sde\Bozeman.ENGINEERING.pedestrian_ramps,COLOR,-1,-1;Roadname "Roadname" true true false 50 Text 0 0 ,First,#,Database Connections\Bozeman - bozeman.sde\Bozeman.ENGINEERING.pedestrian_ramps,Roadname,-1,-1;X "X" true true false 8 Double 8 38 ,First,#,Database Connections\Bozeman - bozeman.sde\Bozeman.ENGINEERING.pedestrian_ramps,X,-1,-1;Y "Y" true true false 8 Double 8 38 ,First,#,Database Connections\Bozeman - bozeman.sde\Bozeman.ENGINEERING.pedestrian_ramps,Y,-1,-1;Survey "Survey" true true false 20 Text 0 0 ,First,#,Database Connections\Bozeman - bozeman.sde\Bozeman.ENGINEERING.pedestrian_ramps,Survey,-1,-1;Image_ "Image_" true true false 5 Text 0 0 ,First,#,Database Connections\Bozeman - bozeman.sde\Bozeman.ENGINEERING.pedestrian_ramps,Image_,-1,-1;Image_Link "Image_Link" true true false 200 Text 0 0 ,First,#,Database Connections\Bozeman - bozeman.sde\Bozeman.ENGINEERING.pedestrian_ramps,Image_Link,-1,-1;AssetID "AssetID" true true false 4 Long 0 10 ,First,#,Database Connections\Bozeman - bozeman.sde\Bozeman.ENGINEERING.pedestrian_ramps,AssetID,-1,-1;created_us "created_user" false true false 255 Text 0 0 ,First,#,Database Connections\Bozeman - bozeman.sde\Bozeman.ENGINEERING.pedestrian_ramps,created_user,-1,-1;created_da "created_date" false true false 8 Date 0 0 ,First,#,Database Connections\Bozeman - bozeman.sde\Bozeman.ENGINEERING.pedestrian_ramps,created_date,-1,-1;last_edite "last_edited_user" false true false 255 Text 0 0 ,First,#,Database Connections\Bozeman - bozeman.sde\Bozeman.ENGINEERING.pedestrian_ramps,last_edited_user,-1,-1;last_edi_1 "last_edited_date" false true false 8 Date 0 0 ,First,#,Database Connections\Bozeman - bozeman.sde\Bozeman.ENGINEERING.pedestrian_ramps,last_edited_date,-1,-1;FACILITYID "FacilityID" true true false 20 Text 0 0 ,First,#,Database Connections\Bozeman - bozeman.sde\Bozeman.ENGINEERING.pedestrian_ramps,FACILITYID,-1,-1;WARRANTYDA "Warranty Date" true true false 8 Date 0 0 ,First,#,Database Connections\Bozeman - bozeman.sde\Bozeman.ENGINEERING.pedestrian_ramps,WARRANTYDATE,-1,-1;LOCATION "Location" true true false 100 Text 0 0 ,First,#,Database Connections\Bozeman - bozeman.sde\Bozeman.ENGINEERING.pedestrian_ramps,LOCATION,-1,-1;INSTALL "INSTALL" true true false 4 Text 0 0 ,First,#,Database Connections\Bozeman - bozeman.sde\Bozeman.ENGINEERING.pedestrian_ramps,INSTALL,-1,-1" #</Process></lineage><itemProps><itemName Sync="TRUE">Bozeman_Pedestrian_Ramps</itemName><imsContentType Sync="TRUE">002</imsContentType><itemLocation><linkage Sync="TRUE">file://\\gis-srv\data\Temp\Kesslie_Trash\Bozeman_Pedestrian_Ramps.shp</linkage><protocol Sync="TRUE">Local Area Network</protocol></itemLocation><itemSize Sync="TRUE">0.000</itemSize></itemProps><coordRef><type Sync="TRUE">Projected</type><geogcsn Sync="TRUE">GCS_North_American_1983</geogcsn><csUnits Sync="TRUE">Linear Unit: Meter (1.000000)</csUnits><projcsn Sync="TRUE">NAD_1983_UTM_Zone_12N</projcsn><peXml Sync="TRUE">&lt;ProjectedCoordinateSystem xsi:type='typens:ProjectedCoordinateSystem' xmlns:xsi='http://www.w3.org/2001/XMLSchema-instance' xmlns:xs='http://www.w3.org/2001/XMLSchema' xmlns:typens='http://www.esri.com/schemas/ArcGIS/10.6'&gt;&lt;WKT&gt;PROJCS[&amp;quot;NAD_1983_UTM_Zone_12N&amp;quot;,GEOGCS[&amp;quot;GCS_North_American_1983&amp;quot;,DATUM[&amp;quot;D_North_American_1983&amp;quot;,SPHEROID[&amp;quot;GRS_1980&amp;quot;,6378137.0,298.257222101]],PRIMEM[&amp;quot;Greenwich&amp;quot;,0.0],UNIT[&amp;quot;Degree&amp;quot;,0.0174532925199433]],PROJECTION[&amp;quot;Transverse_Mercator&amp;quot;],PARAMETER[&amp;quot;False_Easting&amp;quot;,500000.0],PARAMETER[&amp;quot;False_Northing&amp;quot;,0.0],PARAMETER[&amp;quot;Central_Meridian&amp;quot;,-111.0],PARAMETER[&amp;quot;Scale_Factor&amp;quot;,0.9996],PARAMETER[&amp;quot;Latitude_Of_Origin&amp;quot;,0.0],UNIT[&amp;quot;Meter&amp;quot;,1.0],AUTHORITY[&amp;quot;EPSG&amp;quot;,26912]]&lt;/WKT&gt;&lt;XOrigin&gt;-5120900&lt;/XOrigin&gt;&lt;YOrigin&gt;-9998100&lt;/YOrigin&gt;&lt;XYScale&gt;450445547.3910538&lt;/XYScale&gt;&lt;ZOrigin&gt;-100000&lt;/ZOrigin&gt;&lt;ZScale&gt;10000&lt;/ZScale&gt;&lt;MOrigin&gt;-100000&lt;/MOrigin&gt;&lt;MScale&gt;10000&lt;/MScale&gt;&lt;XYTolerance&gt;0.001&lt;/XYTolerance&gt;&lt;ZTolerance&gt;0.001&lt;/ZTolerance&gt;&lt;MTolerance&gt;0.001&lt;/MTolerance&gt;&lt;HighPrecision&gt;true&lt;/HighPrecision&gt;&lt;WKID&gt;26912&lt;/WKID&gt;&lt;LatestWKID&gt;26912&lt;/LatestWKID&gt;&lt;/ProjectedCoordinateSystem&gt;</peXml></coordRef></DataProperties><MetaID>{3328C0F7-35D7-443A-8935-CF47BA4932B4}</MetaID><SyncDate>20201006</SyncDate><SyncTime>15273400</SyncTime><ModDate>20201006</ModDate><ModTime>15273400</ModTime></Esri><idinfo><citation><citeinfo><onlink Sync="TRUE">\\192.168.1.142\storage\Production\Tmc_Data\Bozeman, MT\Delivery\070814\Signs_ADAs_Streetlights.mdb</onlink></citeinfo></citation></idinfo><distInfo><distributor><distorTran><onLineSrc><linkage Sync="TRUE">file://\\192.168.1.142\storage\Production\Tmc_Data\Bozeman, MT\Delivery\070814\Signs_ADAs_Streetlights.mdb</linkage><protocol Sync="TRUE">Local Area Network</protocol></onLineSrc></distorTran></distributor><distFormat><formatName Sync="TRUE">Shapefile</formatName></distFormat><distTranOps><transSize Sync="TRUE">0.000</transSize></distTranOps></distInfo><dataqual><lineage><procstep><procdesc Sync="TRUE">Dataset copied.</procdesc><srcused Sync="TRUE">\\192.168.1.142\storage\Production\Tmc_Data\Bozeman, MT\Points\QC\DeliverySetup.mdb</srcused><procdate Sync="TRUE">20140708</procdate><proctime Sync="TRUE">09020800</proctime></procstep></lineage></dataqual><dataIdInfo><envirDesc Sync="TRUE"> Version 6.2 (Build 9200) ; Esri ArcGIS 10.6.1.9273</envirDesc><dataLang><languageCode value="eng" Sync="TRUE"/><countryCode value="USA" Sync="TRUE"/></dataLang><idCitation><resTitle Sync="TRUE">Bozeman_Pedestrian_Ramps</resTitle><presForm><PresFormCd value="005" Sync="TRUE"/></presForm></idCitation><spatRpType><SpatRepTypCd value="001" Sync="TRUE"/></spatRpType></dataIdInfo><mdLang><languageCode value="eng" Sync="TRUE"/><countryCode value="USA" Sync="TRUE"/></mdLang><mdHrLv><ScopeCd value="005" Sync="TRUE"/></mdHrLv><mdHrLvName Sync="TRUE">dataset</mdHrLvName><refSysInfo><RefSystem><refSysID><identCode code="26912" Sync="TRUE"/><idCodeSpace Sync="TRUE">EPSG</idCodeSpace><idVersion Sync="TRUE">6.13(3.0.1)</idVersion></refSysID></RefSystem></refSysInfo><spatRepInfo><VectSpatRep><geometObjs Name="Bozeman_Pedestrian_Ramps"><geoObjTyp><GeoObjTypCd value="004" Sync="TRUE"></GeoObjTypCd></geoObjTyp><geoObjCnt Sync="TRUE">0</geoObjCnt></geometObjs><topLvl><TopoLevCd value="001" Sync="TRUE"></TopoLevCd></topLvl></VectSpatRep></spatRepInfo><spdoinfo><ptvctinf><esriterm Name="Bozeman_Pedestrian_Ramps"><efeatyp Sync="TRUE">Simple</efeatyp><efeageom code="1" Sync="TRUE"></efeageom><esritopo Sync="TRUE">FALSE</esritopo><efeacnt Sync="TRUE">0</efeacnt><spindex Sync="TRUE">FALSE</spindex><linrefer Sync="TRUE">FALSE</linrefer></esriterm></ptvctinf></spdoinfo><eainfo><detailed Name="Bozeman_Pedestrian_Ramps"><enttyp><enttypl Sync="TRUE">Bozeman_Pedestrian_Ramps</enttypl><enttypt Sync="TRUE">Feature Class</enttypt><enttypc Sync="TRUE">0</enttypc></enttyp><attr><attrlabl Sync="TRUE">FID</attrlabl><attalias Sync="TRUE">FID</attalias><attrtype Sync="TRUE">OID</attrtype><attwidth Sync="TRUE">4</attwidth><atprecis Sync="TRUE">0</atprecis><attscale Sync="TRUE">0</attscale><attrdef Sync="TRUE">Internal feature number.</attrdef><attrdefs Sync="TRUE">Esri</attrdefs><attrdomv><udom Sync="TRUE">Sequential unique whole numbers that are automatically generated.</udom></attrdomv></attr><attr><attrlabl Sync="TRUE">TRUNCATED</attrlabl><attalias Sync="TRUE">TRUNCATED</attalias><attrtype Sync="TRUE">String</attrtype><attwidth Sync="TRUE">10</attwidth><atprecis Sync="TRUE">0</atprecis><attscale Sync="TRUE">0</attscale></attr><attr><attrlabl Sync="TRUE">COLOR</attrlabl><attalias Sync="TRUE">COLOR</attalias><attrtype Sync="TRUE">String</attrtype><attwidth Sync="TRUE">10</attwidth><atprecis Sync="TRUE">0</atprecis><attscale Sync="TRUE">0</attscale></attr><attr><attrlabl Sync="TRUE">Roadname</attrlabl><attalias Sync="TRUE">Roadname</attalias><attrtype Sync="TRUE">String</attrtype><attwidth Sync="TRUE">50</attwidth><atprecis Sync="TRUE">0</atprecis><attscale Sync="TRUE">0</attscale></attr><attr><attrlabl Sync="TRUE">X</attrlabl><attalias Sync="TRUE">X</attalias><attrtype Sync="TRUE">Double</attrtype><attwidth Sync="TRUE">19</attwidth><atprecis Sync="TRUE">18</atprecis><attscale Sync="TRUE">8</attscale></attr><attr><attrlabl Sync="TRUE">Y</attrlabl><attalias Sync="TRUE">Y</attalias><attrtype Sync="TRUE">Double</attrtype><attwidth Sync="TRUE">19</attwidth><atprecis Sync="TRUE">18</atprecis><attscale Sync="TRUE">8</attscale></attr><attr><attrlabl Sync="TRUE">Survey</attrlabl><attalias Sync="TRUE">Survey</attalias><attrtype Sync="TRUE">String</attrtype><attwidth Sync="TRUE">20</attwidth><atprecis Sync="TRUE">0</atprecis><attscale Sync="TRUE">0</attscale></attr><attr><attrlabl Sync="TRUE">Image_</attrlabl><attalias Sync="TRUE">Image_</attalias><attrtype Sync="TRUE">String</attrtype><attwidth Sync="TRUE">5</attwidth><atprecis Sync="TRUE">0</atprecis><attscale Sync="TRUE">0</attscale></attr><attr><attrlabl Sync="TRUE">Image_Link</attrlabl><attalias Sync="TRUE">Image_Link</attalias><attrtype Sync="TRUE">String</attrtype><attwidth Sync="TRUE">200</attwidth><atprecis Sync="TRUE">0</atprecis><attscale Sync="TRUE">0</attscale></attr><attr><attrlabl Sync="TRUE">AssetID</attrlabl><attalias Sync="TRUE">AssetID</attalias><attrtype Sync="TRUE">Integer</attrtype><attwidth Sync="TRUE">10</attwidth><atprecis Sync="TRUE">10</atprecis><attscale Sync="TRUE">0</attscale></attr><attr><attrlabl Sync="TRUE">FACILITYID</attrlabl><attalias Sync="TRUE">FACILITYID</attalias><attrtype Sync="TRUE">String</attrtype><attwidth Sync="TRUE">20</attwidth><atprecis Sync="TRUE">0</atprecis><attscale Sync="TRUE">0</attscale></attr><attr><attrlabl Sync="TRUE">created_us</attrlabl><attalias Sync="TRUE">created_us</attalias><attrtype Sync="TRUE">String</attrtype><attwidth Sync="TRUE">254</attwidth><atprecis Sync="TRUE">0</atprecis><attscale Sync="TRUE">0</attscale></attr><attr><attrlabl Sync="TRUE">created_da</attrlabl><attalias Sync="TRUE">created_da</attalias><attrtype Sync="TRUE">Date</attrtype><attwidth Sync="TRUE">8</attwidth><atprecis Sync="TRUE">0</atprecis><attscale Sync="TRUE">0</attscale></attr><attr><attrlabl Sync="TRUE">last_edite</attrlabl><attalias Sync="TRUE">last_edite</attalias><attrtype Sync="TRUE">String</attrtype><attwidth Sync="TRUE">254</attwidth><atprecis Sync="TRUE">0</atprecis><attscale Sync="TRUE">0</attscale></attr><attr><attrlabl Sync="TRUE">last_edi_1</attrlabl><attalias Sync="TRUE">last_edi_1</attalias><attrtype Sync="TRUE">Date</attrtype><attwidth Sync="TRUE">8</attwidth><atprecis Sync="TRUE">0</atprecis><attscale Sync="TRUE">0</attscale></attr><attr><attrlabl Sync="TRUE">LOCATION</attrlabl><attalias Sync="TRUE">LOCATION</attalias><attrtype Sync="TRUE">String</attrtype><attwidth Sync="TRUE">100</attwidth><atprecis Sync="TRUE">0</atprecis><attscale Sync="TRUE">0</attscale></attr><attr><attrlabl Sync="TRUE">WARRANTYDA</attrlabl><attalias Sync="TRUE">WARRANTYDA</attalias><attrtype Sync="TRUE">Date</attrtype><attwidth Sync="TRUE">8</attwidth><atprecis Sync="TRUE">0</atprecis><attscale Sync="TRUE">0</attscale></attr><attr><attrlabl Sync="TRUE">INSTALL</attrlabl><attalias Sync="TRUE">INSTALL</attalias><attrtype Sync="TRUE">String</attrtype><attwidth Sync="TRUE">4</attwidth><atprecis Sync="TRUE">0</atprecis><attscale Sync="TRUE">0</attscale></attr><attr><attrlabl Sync="TRUE">Shape</attrlabl><attalias Sync="TRUE">Shape</attalias><attrtype Sync="TRUE">Geometry</attrtype><attwidth Sync="TRUE">0</attwidth><atprecis Sync="TRUE">0</atprecis><attscale Sync="TRUE">0</attscale><attrdef Sync="TRUE">Feature geometry.</attrdef><attrdefs Sync="TRUE">Esri</attrdefs><attrdomv><udom Sync="TRUE">Coordinates defining the features.</udom></attrdomv></attr></detailed></eainfo><mdDateSt Sync="TRUE">20201006</mdDateSt></metadata>
